ビル１,ビル２
さくらタワー,ブルーリッジビル
ブルーリッジビル,グリーンパークプラザ
グリーンパークプラザ,サニーヒルズ
サニーヒルズ,シティフロントタワー
シティフロントタワー,ハーバーライトビル
ハーバーライトビル,パシフィックセンター
パシフィックセンター,クラウンプラザ
クラウンプラザ,パールビュー
パールビュー,マリンライトハウス
マリンライトハウス,サンセットビレッジ
サンセットビレッジ,ムーンリバービル
ムーンリバービル,スターダストプラザ
スターダストプラザ,ゴールデンゲート
ゴールデンゲート,シルバーリーフ
シルバーリーフ,プラチナムタワー
プラチナムタワー,エメラルドガーデン
エメラルドガーデン,サファイアビル
サファイアビル,ルビーコート
ルビーコート,ダイアモンドパーク
ダイアモンドパーク,トパーズタワー
トパーズタワー,パールハイツ
パールハイツ,サファイアブリッジ
サファイアブリッジ,ルビーガーデン
ルビーガーデン,ゴールドリバー
ゴールドリバー,シルバーフォレスト
シルバーフォレスト,ブロンズヒル
ブロンズヒル,アクアマリン
アクアマリン,オパールコート
オパールコート,ジェイドタワー
ジェイドタワー,クリスタルパーク
クリスタルパーク,アメジストガーデン
アメジストガーデン,ペリドットプラザ
ペリドットプラザ,オニキスハイツ
オニキスハイツ,ターコイズビル
ターコイズビル,タンザナイトセンター
タンザナイトセンター,アクアブルー
アクアブルー,コーラルリーフ
コーラルリーフ,アンバーコート
アンバーコート,モスグリーン
モスグリーン,アイボリータワー
アイボリータワー,バーガンディプラザ
バーガンディプラザ,ネイビーブルー
ネイビーブルー,マゼンタビル
マゼンタビル,インディゴパーク
インディゴパーク,バイオレットハイツ
バイオレットハイツ,チャコールグレイ
チャコールグレイ,スノーホワイト
スノーホワイト,ミッドナイトブルー
ミッドナイトブルー,サンライズレッド
サンライズレッド,ゴールデンイエロー
ゴールデンイエロー,フォレストグリーン
フォレストグリーン,サンセットオレンジ
サンセットオレンジ,オーシャンブルー
オーシャンブルー,コーヒーブラウン
コーヒーブラウン,ストームグレイ
ストームグレイ,セレスティアルタワー
セレスティアルタワー,ギャラクシープラザ
ギャラクシープラザ,ミレニアムハイツ
ミレニアムハイツ,ステラパーク
ステラパーク,コズミックセンター
コズミックセンター,ユニバースビル
ユニバースビル,オリオンタワー
オリオンタワー,ネプチューンコート
ネプチューンコート,サターンリング
サターンリング,ジュピターガーデン
ジュピターガーデン,マーキュリーパーク
マーキュリーパーク,ビーナスプラザ
ビーナスプラザ,マーズレッド
マーズレッド,プルートハイツ
プルートハイツ,イーグルネスト
イーグルネスト,ファルコンタワー
ファルコンタワー,ホークビュー
ホークビュー,フェニックスビル
フェニックスビル,ドラゴンゲート
ドラゴンゲート,グリフィンプラザ
グリフィンプラザ,ペガサスハイツ
ペガサスハイツ,ユニコーンコート
ユニコーンコート,センチュリーパーク
センチュリーパーク,ミレニアムタワー
ミレニアムタワー,キャッスルハイツ
キャッスルハイツ,パレスビュー
パレスビュー,フォートレスビル
フォートレスビル,シタデルガーデン
シタデルガーデン,バスティオンプラザ
バスティオンプラザ,アルカディアタワー
アルカディアタワー,エデンパーク
エデンパーク,エリシアンハイツ
エリシアンハイツ,オリンポスビル
オリンポスビル,アトランティスプラザ
アトランティスプラザ,アバロンコート
アバロンコート,カメロットタワー
カメロットタワー,エクスカリバーセンター
エクスカリバーセンター,ニルヴァーナハイツ
ニルヴァーナハイツ,ヴァルハラパーク
ヴァルハラパーク,オズの魔法使いビル
オズの魔法使いビル,ワンダーランドプラザ
ワンダーランドプラザ,ネバーランドコート
ネバーランドコート,エルドラドタワー
エルドラドタワー,シャングリラガーデン
シャングリラガーデン,さくらタワー
さくらタワー,サニーヒルズ
ブルーリッジビル,シティフロントタワー
グリーンパークプラザ,ハーバーライトビル
サニーヒルズ,パシフィックセンター
シティフロントタワー,クラウンプラザ
ハーバーライトビル,パールビュー
パシフィックセンター,マリンライトハウス
クラウンプラザ,サンセットビレッジ
パールビュー,ムーンリバービル
マリンライトハウス,スターダストプラザ
サンセットビレッジ,ゴールデンゲート
ムーンリバービル,シルバーリーフ
スターダストプラザ,プラチナムタワー
ゴールデンゲート,エメラルドガーデン
シルバーリーフ,サファイアビル
プラチナムタワー,ルビーコート
エメラルドガーデン,ダイアモンドパーク
サファイアビル,トパーズタワー
ルビーコート,パールハイツ
ダイアモンドパーク,サファイアブリッジ
トパーズタワー,ルビーガーデン
パールハイツ,ゴールドリバー
サファイアブリッジ,シルバーフォレスト
ルビーガーデン,ブロンズヒル
ゴールドリバー,アクアマリン
シルバーフォレスト,オパールコート
ブロンズヒル,ジェイドタワー
アクアマリン,クリスタルパーク
オパールコート,アメジストガーデン
ジェイドタワー,ペリドットプラザ
クリスタルパーク,オニキスハイツ
アメジストガーデン,ターコイズビル
ペリドットプラザ,タンザナイトセンター
オニキスハイツ,アクアブルー
ターコイズビル,コーラルリーフ
タンザナイトセンター,アンバーコート
アクアブルー,モスグリーン
コーラルリーフ,アイボリータワー
アンバーコート,バーガンディプラザ
モスグリーン,ネイビーブルー
アイボリータワー,マゼンタビル
バーガンディプラザ,インディゴパーク
ネイビーブルー,バイオレットハイツ
マゼンタビル,チャコールグレイ
インディゴパーク,スノーホワイト
バイオレットハイツ,ミッドナイトブルー
チャコールグレイ,サンライズレッド
スノーホワイト,ゴールデンイエロー
ミッドナイトブルー,フォレストグリーン
サンライズレッド,サンセットオレンジ
ゴールデンイエロー,オーシャンブルー
フォレストグリーン,コーヒーブラウン
サンセットオレンジ,ストームグレイ
オーシャンブルー,セレスティアルタワー
コーヒーブラウン,ギャラクシープラザ
ストームグレイ,ミレニアムハイツ
セレスティアルタワー,ステラパーク
ギャラクシープラザ,コズミックセンター
ミレニアムハイツ,ユニバースビル
ステラパーク,オリオンタワー
コズミックセンター,ネプチューンコート
ユニバースビル,サターンリング
オリオンタワー,ジュピターガーデン
ネプチューンコート,マーキュリーパーク
サターンリング,ビーナスプラザ
ジュピターガーデン,マーズレッド
マーキュリーパーク,プルートハイツ
ビーナスプラザ,イーグルネスト
マーズレッド,ファルコンタワー
プルートハイツ,ホークビュー
イーグルネスト,フェニックスビル
ファルコンタワー,ドラゴンゲート
ホークビュー,グリフィンプラザ
フェニックスビル,ペガサスハイツ
ドラゴンゲート,ユニコーンコート
グリフィンプラザ,センチュリーパーク
ペガサスハイツ,ミレニアムタワー
ユニコーンコート,キャッスルハイツ
センチュリーパーク,パレスビュー
ミレニアムタワー,フォートレスビル
キャッスルハイツ,シタデルガーデン
パレスビュー,バスティオンプラザ
フォートレスビル,アルカディアタワー
シタデルガーデン,エデンパーク
バスティオンプラザ,エリシアンハイツ
アルカディアタワー,オリンポスビル
エデンパーク,アトランティスプラザ
エリシアンハイツ,アバロンコート
オリンポスビル,カメロットタワー
アトランティスプラザ,エクスカリバーセンター
アバロンコート,ニルヴァーナハイツ
カメロットタワー,ヴァルハラパーク
エクスカリバーセンター,オズの魔法使いビル
ニルヴァーナハイツ,ワンダーランドプラザ
ヴァルハラパーク,ワンダーランドプラザ
さくらタワー,ターコイズビル
ブルーリッジビル,オニキスハイツ
グリーンパークプラザ,アクアブルー
マリンライトハウス,コーラルリーフ
スターダストプラザ,アンバーコート
シルバーリーフ,モスグリーン
プラチナムタワー,アイボリータワー
エメラルドガーデン,バーガンディプラザ
ミッドナイトブルー,ネイビーブルー
サンライズレッド,マゼンタビル
ゴールデンイエロー,インディゴパーク
フォレストグリーン,バイオレットハイツ
サンセットオレンジ,チャコールグレイ
オーシャンブルー,スノーホワイト
ストームグレイ,ゴールデンイエロー
コーヒーブラウン,フォレストグリーン
セレスティアルタワー,サンセットオレンジ
ギャラクシープラザ,オーシャンブルー
ネバーランドコート,ワンダーランドプラザ
ネバーランドコート,オズの魔法使いビル
ネバーランドコート,ヴァルハラパーク
エルドラドタワー,オズの魔法使いビル
エルドラドタワー,ヴァルハラパーク
エルドラドタワー,ニルヴァーナハイツ
シャングリラガーデン,ヴァルハラパーク
シャングリラガーデン,エクスカリバーセンター
シャングリラガーデン,ニルヴァーナハイツ
シャングリラガーデン,カメロットタワー